scores,mean_scores,epsilon,loss,game_lengths,rewards,steps,timestamps
0,0.0,79.5,0.5575663447380066,61,-10,1,3.0941390991210938
0,0.0,79.0,0.25758063793182373,190,-10,2,7.972235441207886
1,0.3333333333333333,78.5,0.42393016815185547,63,0,3,9.612112522125244
0,0.25,78.0,0.3745882511138916,115,-10,4,12.575714349746704
1,0.4,77.5,0.45595598220825195,95,0,5,15.037332773208618
0,0.3333333333333333,77.0,0.41999301314353943,98,-10,6,17.633623123168945
0,0.2857142857142857,76.5,0.42294907569885254,58,-10,7,19.195897340774536
0,0.25,76.0,0.4208897352218628,56,-10,8,20.715378522872925
1,0.3333333333333333,75.5,0.46296435594558716,52,0,9,22.1966712474823
2,0.5,75.0,0.5643230080604553,33,10,10,23.225950479507446
0,0.45454545454545453,74.5,0.5742250680923462,18,-10,11,23.831345081329346
1,0.5,74.0,0.5584418177604675,144,0,12,27.665642023086548
0,0.46153846153846156,73.5,0.4718968868255615,75,-10,13,29.76446008682251
0,0.42857142857142855,73.0,0.5185446739196777,43,-10,14,30.98017382621765
0,0.4,72.5,0.4810922145843506,90,-10,15,33.4315881729126
0,0.375,72.0,0.5070759057998657,81,-10,16,35.634923219680786
1,0.4117647058823529,71.5,0.4263851046562195,358,0,17,44.947418451309204
0,0.3888888888888889,71.0,0.47444239258766174,64,-10,18,46.67995882034302
1,0.42105263157894735,70.5,0.3909170627593994,55,0,19,48.179563999176025
0,0.4,70.0,0.34493932127952576,86,-10,20,50.51380467414856
0,0.38095238095238093,69.5,0.44848841428756714,88,-10,21,52.9218475818634
0,0.36363636363636365,69.0,0.3581465184688568,94,-10,22,55.43885636329651
1,0.391304347826087,68.5,0.3860578238964081,35,0,23,56.436808586120605
0,0.375,68.0,0.4901738166809082,73,-10,24,58.42088484764099
3,0.48,67.5,0.37386074662208557,277,20,25,65.66495442390442
0,0.46153846153846156,67.0,0.44427791237831116,68,-10,26,67.50307178497314
1,0.48148148148148145,66.5,0.4394034147262573,78,0,27,69.6001250743866
0,0.4642857142857143,66.0,0.3349257707595825,51,-10,28,70.98940634727478
0,0.4482758620689655,65.5,0.3217938542366028,401,-10,29,81.36518836021423
0,0.43333333333333335,65.0,0.3575070798397064,59,-10,30,83.00680327415466
0,0.41935483870967744,64.5,0.3133215010166168,263,-10,31,89.87139320373535
0,0.40625,64.0,0.2683155834674835,61,-10,32,91.5913712978363
1,0.42424242424242425,63.5,0.2400541454553604,226,0,33,97.57180333137512
0,0.4117647058823529,63.0,0.46107926964759827,29,-10,34,98.42114472389221
0,0.4,62.5,0.3556180000305176,31,-10,35,99.35641717910767
0,0.3888888888888889,62.0,0.41431087255477905,43,-10,36,100.58122944831848
1,0.40540540540540543,61.5,0.32010969519615173,123,0,37,103.86490321159363
2,0.4473684210526316,61.0,0.44792717695236206,152,10,38,107.90158987045288
0,0.4358974358974359,60.5,0.21441194415092468,141,-10,39,111.61146402359009
0,0.425,60.0,0.2001686990261078,22,-10,40,112.36132550239563
1,0.43902439024390244,59.5,0.3501431345939636,146,0,41,116.24028086662292
0,0.42857142857142855,59.0,0.37269940972328186,46,-10,42,117.56711196899414
1,0.4418604651162791,58.5,0.42550528049468994,41,0,43,118.72795367240906
2,0.4772727272727273,58.0,0.5404449701309204,81,10,44,120.94692516326904
1,0.4888888888888889,57.5,0.5059522986412048,45,0,45,122.24663829803467
1,0.5,57.0,0.5674213171005249,20,0,46,122.94273900985718
1,0.5106382978723404,56.5,0.21700628101825714,135,0,47,126.51553320884705
1,0.5208333333333334,56.0,0.2654440104961395,142,0,48,130.23355889320374
2,0.5510204081632653,55.5,0.404218465089798,365,10,49,139.68294382095337
1,0.56,55.0,0.48188647627830505,41,0,50,140.88211131095886
1,0.5686274509803921,54.5,0.3897459805011749,80,0,51,143.05144023895264
1,0.5769230769230769,54.0,0.26990219950675964,44,0,52,144.3413209915161
1,0.5849056603773585,53.5,0.30007240176200867,183,0,53,149.18945240974426
1,0.5925925925925926,53.0,0.4509984850883484,333,0,54,157.83246779441833
1,0.6,52.5,0.24163705110549927,159,0,55,162.03164148330688
0,0.5892857142857143,52.0,0.25610682368278503,39,-10,56,163.20589470863342
1,0.5964912280701754,51.5,0.3713620901107788,64,0,57,164.97556686401367
0,0.5862068965517241,51.0,0.40311741828918457,70,-10,58,166.91540360450745
0,0.576271186440678,50.5,0.2496424913406372,59,-10,59,168.63060879707336
1,0.5833333333333334,50.0,0.6313747763633728,61,0,60,170.28316378593445
0,0.5737704918032787,49.5,0.38399380445480347,58,-10,61,171.89601755142212
0,0.5645161290322581,49.0,0.3012300729751587,58,-10,62,173.51523518562317
1,0.5714285714285714,48.5,0.3009706139564514,145,0,63,177.3393337726593
1,0.578125,48.0,0.3290461301803589,58,0,64,178.93062210083008
1,0.5846153846153846,47.5,0.36703312397003174,151,0,65,182.94810152053833
1,0.5909090909090909,47.0,0.2633805572986603,78,0,66,185.03873443603516
3,0.6268656716417911,46.5,0.25067493319511414,256,20,67,191.72070336341858
1,0.6323529411764706,46.0,0.3595443069934845,50,0,68,193.13629698753357
4,0.6811594202898551,45.5,0.3548341393470764,277,30,69,200.32022976875305
2,0.7,45.0,0.3604748547077179,58,10,70,201.89680242538452
0,0.6901408450704225,44.5,0.29956716299057007,179,-10,71,206.58092975616455
0,0.6805555555555556,44.0,0.2871416509151459,257,-10,72,213.3138873577118
0,0.6712328767123288,43.5,0.3291824460029602,61,-10,73,215.0225441455841
2,0.6891891891891891,43.0,0.5287589430809021,71,10,74,216.96492910385132
1,0.6933333333333334,42.5,0.33983680605888367,96,0,75,219.56684803962708
3,0.7236842105263158,42.0,0.3932059407234192,157,20,76,223.6876242160797
1,0.7272727272727273,41.5,0.5621725916862488,51,0,77,225.0937418937683
4,0.7692307692307693,41.0,0.21096819639205933,178,30,78,229.80300855636597
0,0.759493670886076,40.5,0.37580862641334534,59,-10,79,231.43960857391357
1,0.7625,40.0,0.38003402948379517,174,0,80,236.05924034118652
1,0.7654320987654321,39.5,0.33244600892066956,86,0,81,238.58648037910461
0,0.7560975609756098,39.0,0.24532780051231384,68,-10,82,240.4342861175537
2,0.7710843373493976,38.5,0.30823904275894165,67,10,83,242.25288772583008
2,0.7857142857142857,38.0,0.5320137739181519,74,10,84,244.26287627220154
7,0.8588235294117647,37.5,0.3783332407474518,255,60,85,250.92675828933716
2,0.872093023255814,37.0,0.44746240973472595,53,10,86,252.36937808990479
1,0.8735632183908046,36.5,0.4422614872455597,83,0,87,254.6116647720337
1,0.875,36.0,0.3400120735168457,34,0,88,255.63244485855103
0,0.8651685393258427,35.5,0.6339855194091797,167,-10,89,260.05122804641724
3,0.8888888888888888,35.0,0.4176846444606781,119,20,90,263.24499583244324
3,0.9120879120879121,34.5,0.36067184805870056,180,20,91,267.9929814338684
2,0.9239130434782609,34.0,0.41538533568382263,101,10,92,270.728324174881
1,0.9247311827956989,33.5,0.39678534865379333,49,0,93,272.12572741508484
2,0.9361702127659575,33.0,0.3625219464302063,66,10,94,273.9403340816498
2,0.9473684210526315,32.5,0.3027583658695221,45,10,95,275.22763180732727
8,1.0208333333333333,32.0,0.7264317870140076,264,70,96,282.12338423728943
1,1.0206185567010309,31.5,0.5623343586921692,56,0,97,283.6538302898407
4,1.0510204081632653,31.0,0.5132285356521606,72,30,98,285.65869188308716
5,1.0909090909090908,30.5,0.3828326463699341,136,40,99,289.2286891937256
2,1.1,30.0,0.477487176656723,64,10,100,290.93863224983215
8,1.1683168316831682,29.5,0.45382392406463623,174,70,101,295.4981150627136
1,1.1666666666666667,29.0,0.32598230242729187,28,0,102,296.31663608551025
8,1.233009708737864,28.5,0.41862791776657104,225,70,103,302.187703371048
1,1.2307692307692308,28.0,0.4156966209411621,20,0,104,302.8012812137604
2,1.2380952380952381,27.5,0.3940841555595398,77,10,105,304.87129640579224
1,1.2358490566037736,27.0,0.6968530416488647,44,0,106,306.12510418891907
1,1.233644859813084,26.5,0.7540554404258728,37,0,107,307.17116713523865
3,1.25,26.0,0.5402897000312805,84,20,108,309.4318404197693
3,1.2660550458715596,25.5,0.5732107758522034,65,20,109,311.1876275539398
4,1.290909090909091,25.0,0.48578736186027527,105,30,110,313.9899032115936
7,1.3423423423423424,24.5,0.37346625328063965,207,60,111,319.40081572532654
3,1.3571428571428572,24.0,0.5937607288360596,97,20,112,321.9846029281616
1,1.3539823008849559,23.5,0.47521495819091797,26,0,113,322.7463414669037
3,1.368421052631579,23.0,0.4715777039527893,78,20,114,324.86151671409607
6,1.4086956521739131,22.5,0.6212350130081177,325,50,115,333.3335015773773
3,1.4224137931034482,22.0,0.7469995021820068,61,20,116,335.1009385585785
5,1.452991452991453,21.5,0.7807818055152893,347,40,117,344.16186809539795
3,1.4661016949152543,21.0,0.7316266298294067,71,20,118,346.1200182437897
5,1.495798319327731,20.5,0.9071250557899475,159,40,119,350.3615734577179
0,1.4833333333333334,20.0,1.0063867568969727,32,-10,120,351.31305027008057
2,1.487603305785124,19.5,0.6201854944229126,60,10,121,353.0277898311615
5,1.5163934426229508,19.0,0.6046553254127502,189,40,122,358.030601978302
9,1.5772357723577235,18.5,0.6362985968589783,294,80,123,365.7272515296936
6,1.6129032258064515,18.0,0.7412899732589722,170,50,124,370.26223731040955
4,1.632,17.5,0.5632562041282654,100,30,125,372.95183873176575
8,1.6825396825396826,17.0,0.46580883860588074,183,70,126,377.8027617931366
12,1.763779527559055,16.5,0.4972490966320038,334,110,127,386.50711035728455
23,1.9296875,16.0,0.6466833353042603,547,220,128,400.6480965614319
19,2.062015503875969,15.5,0.5454197525978088,506,180,129,413.72901225090027
9,2.1153846153846154,15.0,0.5817535519599915,202,80,130,419.08513259887695
4,2.1297709923664123,14.5,0.44622209668159485,74,30,131,421.0874357223511
17,2.242424242424242,14.0,0.8005228638648987,342,160,132,429.954062461853
25,2.4135338345864663,13.5,0.682612955570221,495,240,133,442.73128390312195
32,2.6343283582089554,13.0,0.5592513680458069,733,310,134,461.6154899597168
11,2.696296296296296,12.5,0.5274312496185303,230,100,135,467.6609570980072
11,2.7573529411764706,12.0,0.6449013948440552,324,100,136,476.089394569397
21,2.8905109489051095,11.5,0.7954325079917908,568,200,137,490.7744998931885
10,2.9420289855072466,11.0,0.8808203935623169,233,90,138,496.90565752983093
13,3.014388489208633,10.5,1.1156649589538574,293,120,139,504.4910452365875
9,3.057142857142857,10.0,0.827366292476654,199,80,140,509.7013077735901
1,3.0425531914893615,10.0,0.9040995240211487,22,0,141,510.40426445007324
5,3.056338028169014,10.0,1.0399295091629028,152,40,142,514.4438288211823
17,3.1538461538461537,10.0,0.6396098136901855,352,160,143,523.5822865962982
5,3.1666666666666665,10.0,1.0092699527740479,127,40,144,526.9934141635895
35,3.386206896551724,10.0,0.659649670124054,939,340,145,551.1729140281677
12,3.4452054794520546,10.0,0.8173290491104126,218,110,146,556.8515379428864
17,3.5374149659863945,10.0,1.2682297229766846,270,160,147,563.9125354290009
14,3.608108108108108,10.0,0.7772339582443237,335,130,148,572.6136374473572
6,3.6241610738255035,10.0,0.7870492339134216,138,50,149,576.2601718902588
22,3.7466666666666666,10.0,1.0248557329177856,514,210,150,589.5936579704285
14,3.814569536423841,10.0,1.0343421697616577,357,130,151,598.8696372509003
25,3.9539473684210527,10.0,1.11882483959198,516,240,152,612.1832675933838
1,3.934640522875817,10.0,1.0154396295547485,21,0,153,612.8595697879791
21,4.045454545454546,10.0,0.7341016530990601,446,200,154,624.4012484550476
1,4.025806451612903,10.0,0.7202222347259521,25,0,155,625.1978766918182
10,4.064102564102564,10.0,0.7598756551742554,219,90,156,630.9416079521179
5,4.070063694267516,10.0,0.658223032951355,94,40,157,633.4995381832123
19,4.1645569620253164,10.0,0.6876717805862427,497,180,158,646.3749272823334
6,4.176100628930818,10.0,1.3119052648544312,161,50,159,650.6403555870056
7,4.19375,10.0,0.8410704731941223,138,60,160,654.2576017379761
20,4.291925465838509,10.0,0.7441484928131104,426,190,161,665.250638961792
22,4.401234567901234,10.0,0.9123572707176208,417,210,162,676.0863335132599
23,4.515337423312883,10.0,0.8353813290596008,527,220,163,689.7253403663635
9,4.5426829268292686,10.0,0.9050332903862,166,80,164,694.1118774414062
11,4.581818181818182,10.0,1.007190227508545,224,100,165,700.0813546180725
21,4.680722891566265,10.0,0.869535505771637,486,200,166,712.7381401062012
14,4.736526946107785,10.0,0.8574414253234863,342,130,167,721.5814061164856
11,4.773809523809524,10.0,0.7268323302268982,295,100,168,729.307724237442
43,5.0,10.0,0.9913874268531799,1096,420,169,757.5329079627991
10,5.029411764705882,10.0,0.8358835577964783,249,90,170,764.0550997257233
18,5.105263157894737,10.0,0.7036522030830383,391,170,171,774.1869962215424
21,5.1976744186046515,10.0,0.8961115479469299,410,200,172,784.8034529685974
5,5.196531791907514,10.0,0.7223398685455322,185,40,173,789.6558680534363
17,5.264367816091954,10.0,0.8553342223167419,359,160,174,798.950451374054
10,5.291428571428572,10.0,0.8959629535675049,218,90,175,804.6175017356873
1,5.267045454545454,10.0,0.8849644660949707,18,0,176,805.1686134338379
17,5.333333333333333,10.0,1.0540581941604614,352,160,177,814.291330575943
1,5.308988764044944,10.0,0.960396945476532,24,0,178,815.0145165920258
18,5.379888268156424,10.0,0.902056097984314,387,170,179,825.105119228363
2,5.361111111111111,10.0,0.6126532554626465,43,10,180,826.3322324752808
33,5.513812154696133,10.0,1.1059190034866333,908,320,181,849.720062494278
11,5.543956043956044,10.0,0.7664874792098999,357,100,182,858.9609282016754
4,5.53551912568306,10.0,0.8153287172317505,99,30,183,861.6399929523468
17,5.5978260869565215,10.0,1.2163739204406738,321,160,184,869.9802424907684
42,5.794594594594595,10.0,0.8902674317359924,1166,410,185,899.898300409317
19,5.865591397849462,10.0,0.9481787085533142,395,180,186,910.0660717487335
4,5.855614973262032,10.0,0.9347941875457764,79,30,187,912.1910018920898
3,5.840425531914893,10.0,0.9658060669898987,48,20,188,913.5398714542389
11,5.867724867724868,10.0,0.6538020372390747,240,100,189,919.7975192070007
11,5.894736842105263,10.0,0.7643737196922302,192,100,190,924.8011291027069
4,5.884816753926701,10.0,0.8901089429855347,59,30,191,926.4539318084717
22,5.96875,10.0,0.8280506134033203,580,210,192,941.3768608570099
5,5.963730569948186,10.0,0.9360490441322327,142,40,193,945.1860506534576
4,5.953608247422681,10.0,0.8357247114181519,110,30,194,948.1777358055115
12,5.984615384615385,10.0,1.0167001485824585,250,110,195,954.7547469139099
8,5.994897959183674,10.0,0.9789541959762573,132,70,196,958.3002400398254
13,6.030456852791878,10.0,0.6218811273574829,267,120,197,965.3427200317383
23,6.116161616161616,10.0,0.7669874429702759,469,220,198,977.4757385253906
19,6.180904522613066,10.0,1.0627832412719727,424,180,199,988.4835665225983
15,6.225,10.0,1.0282304286956787,352,140,200,997.6450657844543
31,6.348258706467662,10.0,1.0304505825042725,575,300,201,1012.4983241558075
28,6.455445544554456,10.0,0.6953732371330261,596,270,202,1027.854291677475
10,6.472906403940887,10.0,0.8007418513298035,219,90,203,1033.5471351146698
14,6.509803921568627,10.0,0.9222641587257385,325,130,204,1041.966232061386
24,6.595121951219512,10.0,1.1501883268356323,569,230,205,1056.6370956897736
11,6.616504854368932,10.0,0.9442733526229858,255,100,206,1063.338234424591
6,6.613526570048309,10.0,0.8097890019416809,80,50,207,1065.9107398986816
22,6.6875,10.0,1.0105106830596924,534,210,208,1079.7918536663055
11,6.708133971291866,10.0,1.2250672578811646,284,100,209,1087.219640493393
1,6.680952380952381,10.0,1.0627673864364624,29,0,210,1088.142775774002
21,6.748815165876778,10.0,1.37724769115448,343,200,211,1097.096607685089
13,6.778301886792453,10.0,1.00206458568573,359,120,212,1106.4030997753143
16,6.821596244131455,10.0,0.8211176991462708,241,150,213,1112.668378829956
15,6.859813084112149,10.0,0.9260839223861694,272,140,214,1119.7817871570587
25,6.944186046511628,10.0,0.7828937768936157,657,240,215,1136.6885297298431
9,6.953703703703703,10.0,0.8429438471794128,169,80,216,1141.1096704006195
7,6.953917050691245,10.0,0.8312932848930359,165,60,217,1145.4501457214355
23,7.027522935779817,10.0,0.8204699158668518,471,220,218,1157.6016573905945
37,7.164383561643835,10.0,0.873934268951416,680,360,219,1175.1374642848969
16,7.204545454545454,10.0,1.0334200859069824,294,150,220,1182.7527408599854
22,7.271493212669683,10.0,0.8260419964790344,463,210,221,1194.7834465503693
5,7.261261261261262,10.0,1.3032475709915161,101,40,222,1197.4868438243866
21,7.322869955156951,10.0,1.037366271018982,269,200,223,1204.5014111995697
4,7.308035714285714,10.0,0.7695652842521667,61,30,224,1206.2047414779663
10,7.32,10.0,1.0679315328598022,327,90,225,1214.764722585678
9,7.327433628318584,10.0,0.9148945212364197,300,80,226,1222.6027114391327
24,7.400881057268722,10.0,1.0530612468719482,558,230,227,1236.962813615799
8,7.4035087719298245,10.0,0.7207167744636536,125,70,228,1240.3226175308228
20,7.458515283842795,10.0,0.6845402121543884,465,190,229,1252.3543050289154
14,7.48695652173913,10.0,1.018308401107788,301,130,230,1260.169724225998
17,7.528138528138528,10.0,0.8814864754676819,375,160,231,1269.8362534046173
7,7.525862068965517,10.0,0.861185610294342,167,60,232,1274.2054307460785
6,7.51931330472103,10.0,0.9844271540641785,101,50,233,1276.9310145378113
23,7.585470085470085,10.0,0.9768860936164856,548,220,234,1291.0952632427216
5,7.574468085106383,10.0,1.0928155183792114,84,40,235,1293.3656105995178
12,7.593220338983051,10.0,0.7555141448974609,260,110,236,1300.1804368495941
24,7.662447257383966,10.0,0.9883026480674744,372,230,237,1309.831714630127
8,7.663865546218488,10.0,1.230430006980896,165,70,238,1314.1831312179565
4,7.648535564853557,10.0,0.6862185597419739,94,30,239,1316.7546074390411
10,7.658333333333333,10.0,0.7476690411567688,170,90,240,1321.2522912025452
1,7.630705394190872,10.0,0.6021575331687927,29,0,241,1322.1340501308441
25,7.702479338842975,10.0,0.9856398105621338,479,240,242,1334.5236041545868
17,7.7407407407407405,10.0,0.8565493226051331,335,160,243,1343.3158905506134
14,7.766393442622951,10.0,0.9543419480323792,403,130,244,1353.7897598743439
0,7.73469387755102,10.0,0.9162800908088684,25,-10,245,1354.5975008010864
12,7.752032520325203,10.0,1.7203201055526733,372,110,246,1364.2528822422028
18,7.793522267206478,10.0,0.9820541143417358,414,170,247,1374.9497616291046
18,7.834677419354839,10.0,1.0821022987365723,332,170,248,1383.5940630435944
3,7.815261044176707,10.0,1.2428863048553467,113,20,249,1386.5992496013641
23,7.876,10.0,0.9191723465919495,518,220,250,1399.9815609455109
7,7.872509960159363,10.0,0.9439529776573181,150,60,251,1404.004557132721
6,7.865079365079365,10.0,1.0470669269561768,147,50,252,1407.911818265915
12,7.881422924901186,10.0,1.1011043787002563,225,110,253,1413.822841644287
6,7.874015748031496,10.0,1.1198264360427856,139,50,254,1417.5698623657227
21,7.925490196078432,10.0,0.9745821952819824,475,200,255,1429.914542913437
14,7.94921875,10.0,1.0874253511428833,348,130,256,1438.935390472412
14,7.972762645914397,10.0,1.0099334716796875,407,130,257,1449.517763376236
10,7.98062015503876,10.0,1.0041524171829224,183,90,258,1454.3557443618774
26,8.05019305019305,10.0,0.711775004863739,521,250,259,1467.868637561798
8,8.05,10.0,0.8252046704292297,159,70,260,1472.0625069141388
10,8.057471264367816,10.0,0.6842904686927795,278,90,261,1479.3403005599976
11,8.068702290076336,10.0,0.806728184223175,273,100,262,1486.4703998565674
10,8.076045627376425,10.0,0.9815516471862793,148,90,263,1490.3963990211487
17,8.109848484848484,10.0,1.062652587890625,351,160,264,1499.5249545574188
10,8.116981132075471,10.0,1.0692570209503174,201,90,265,1504.780368566513
7,8.112781954887218,10.0,1.1503591537475586,169,60,266,1509.2466127872467
22,8.164794007490636,10.0,1.057036280632019,388,210,267,1519.3500277996063
13,8.182835820895523,10.0,0.7602937817573547,273,120,268,1526.4794363975525
7,8.178438661710038,10.0,0.8274568915367126,147,60,269,1530.4240334033966
11,8.188888888888888,10.0,0.8690125942230225,190,100,270,1535.4317481517792
41,8.309963099630997,10.0,0.9570637941360474,873,400,271,1557.942186832428
14,8.330882352941176,10.0,0.7651914954185486,266,130,272,1564.9815077781677
3,8.311355311355312,10.0,0.8370169997215271,77,20,273,1567.0985462665558
15,8.335766423357665,10.0,0.7619634866714478,243,140,274,1573.4896104335785
17,8.367272727272727,10.0,0.9871291518211365,357,160,275,1582.8041331768036
20,8.409420289855072,10.0,0.7659060955047607,372,190,276,1592.435491323471
9,8.411552346570398,10.0,0.7595816850662231,177,80,277,1597.1275706291199
17,8.442446043165468,10.0,0.9946609735488892,403,160,278,1607.548986673355
16,8.469534050179211,10.0,0.6970384120941162,328,150,279,1616.042364358902
23,8.521428571428572,10.0,0.8855817317962646,503,220,280,1629.0404245853424
25,8.580071174377224,10.0,0.822506844997406,405,240,281,1639.5230672359467
26,8.641843971631205,10.0,0.8558599352836609,550,250,282,1653.7212133407593
12,8.653710247349823,10.0,0.8846803307533264,243,110,283,1660.0806889533997
41,8.767605633802816,10.0,1.2931783199310303,874,400,284,1682.600579738617
3,8.74736842105263,10.0,0.9745553135871887,46,20,285,1683.9145500659943
6,8.737762237762238,10.0,0.6853498816490173,141,50,286,1687.6720407009125
16,8.763066202090592,10.0,1.0206879377365112,311,150,287,1695.7933611869812
12,8.774305555555555,10.0,0.7726839780807495,203,110,288,1701.1316168308258
6,8.764705882352942,10.0,0.8034915924072266,127,50,289,1704.5447642803192
19,8.8,10.0,1.2754985094070435,436,180,290,1715.861042022705
13,8.814432989690722,10.0,0.9009869694709778,221,120,291,1721.681744813919
3,8.794520547945206,10.0,1.0882551670074463,79,20,292,1723.8475127220154
2,8.771331058020477,10.0,1.4056764841079712,64,10,293,1725.6345138549805
13,8.785714285714286,10.0,1.1695462465286255,271,120,294,1732.6711823940277
24,8.837288135593221,10.0,0.9271764159202576,543,230,295,1746.6880388259888
11,8.844594594594595,10.0,0.9159712195396423,230,100,296,1752.7020103931427
26,8.902356902356903,10.0,0.8863159418106079,539,250,297,1766.6511611938477
14,8.919463087248323,10.0,1.2004903554916382,397,130,298,1776.891564130783
16,8.94314381270903,10.0,1.043878436088562,248,150,299,1783.4875087738037
2,8.92,10.0,0.9435778856277466,38,10,300,1784.6462371349335
3,8.90033222591362,10.0,0.8032114505767822,55,20,301,1786.2032248973846
15,8.920529801324504,10.0,0.9102644920349121,392,140,302,1796.432151556015
10,8.924092409240924,10.0,0.6723896265029907,224,90,303,1802.3420255184174
22,8.967105263157896,10.0,0.6953296065330505,497,210,304,1815.2275681495667
12,8.97704918032787,10.0,0.9126758575439453,260,110,305,1822.0185115337372
2,8.954248366013072,10.0,0.8046329021453857,95,10,306,1824.5963413715363
6,8.944625407166123,10.0,0.7276742458343506,126,50,307,1828.0014641284943
19,8.977272727272727,10.0,1.0793908834457397,430,180,308,1839.2131447792053
21,9.016181229773462,10.0,1.1049906015396118,439,200,309,1850.613112449646
19,9.048387096774194,10.0,0.8175376653671265,409,180,310,1861.1973330974579
3,9.028938906752412,10.0,0.7537614107131958,32,20,311,1862.1586151123047
28,9.08974358974359,10.0,0.6440653204917908,540,270,312,1876.1145012378693
11,9.095846645367413,10.0,0.9581032991409302,233,100,313,1882.215528011322
17,9.121019108280255,10.0,1.059532880783081,257,160,314,1888.9824495315552
7,9.114285714285714,10.0,0.8431941866874695,97,60,315,1891.6517896652222
20,9.14873417721519,10.0,1.1721205711364746,397,190,316,1901.9300465583801
22,9.189274447949527,10.0,0.8801214098930359,480,210,317,1914.392557144165
31,9.257861635220126,10.0,0.6462128758430481,549,300,318,1928.5827939510345
5,9.244514106583072,10.0,0.8756943941116333,101,40,319,1931.3175902366638
19,9.275,10.0,0.8579620718955994,429,180,320,1942.4275252819061
21,9.311526479750778,10.0,1.1428149938583374,486,200,321,1954.966332435608
44,9.419254658385093,10.0,0.9473341703414917,915,430,322,1978.550733089447
14,9.43343653250774,10.0,0.9103805422782898,299,130,323,1986.3013260364532
12,9.441358024691358,10.0,0.923757791519165,285,110,324,1993.7030265331268
27,9.495384615384616,10.0,0.9265136122703552,536,260,325,2007.5242173671722
2,9.47239263803681,10.0,0.9640796184539795,53,10,326,2009.060687303543
4,9.45565749235474,10.0,0.9840769171714783,120,30,327,2012.2613384723663
1,9.429878048780488,10.0,1.1611735820770264,27,0,328,2013.122317790985
17,9.45288753799392,10.0,0.8135481476783752,385,160,329,2023.1923034191132
5,9.43939393939394,10.0,0.8828621506690979,88,40,330,2025.6219725608826
9,9.438066465256798,10.0,0.8213467001914978,164,80,331,2029.9609570503235
25,9.484939759036145,10.0,0.8027069568634033,517,240,332,2043.3315920829773
17,9.507507507507508,10.0,0.8191388249397278,334,160,333,2052.0791943073273
23,9.547904191616766,10.0,1.0715185403823853,514,220,334,2065.3117501735687
4,9.531343283582089,10.0,0.8043283820152283,108,30,335,2068.231155395508
11,9.535714285714286,10.0,1.041948914527893,224,100,336,2074.1422510147095
39,9.623145400593472,10.0,0.8374408483505249,856,380,337,2096.2013268470764
23,9.662721893491124,10.0,0.8919762372970581,493,220,338,2108.9738619327545
17,9.684365781710914,10.0,0.6932103633880615,341,160,339,2117.8086795806885
8,9.679411764705883,10.0,0.9132145047187805,161,70,340,2122.0164766311646
13,9.689149560117302,10.0,0.8175231218338013,250,120,341,2128.5626740455627
29,9.74561403508772,10.0,1.0409483909606934,670,280,342,2145.8713245391846
9,9.743440233236152,10.0,0.8759742975234985,256,80,343,2152.5532224178314
16,9.761627906976743,10.0,0.8079348802566528,294,150,344,2160.241320371628
2,9.73913043478261,10.0,1.0764940977096558,68,10,345,2162.153371810913
8,9.734104046242775,10.0,1.0076608657836914,188,70,346,2167.1337053775787
32,9.798270893371757,10.0,0.8164668679237366,738,310,347,2186.2105717658997
9,9.795977011494253,10.0,0.8383468389511108,163,80,348,2190.5712904930115
18,9.819484240687679,10.0,0.9395862817764282,381,170,349,2200.444050550461
2,9.797142857142857,10.0,0.9793357849121094,63,10,350,2202.1840813159943
21,9.82905982905983,10.0,0.8521155714988708,488,200,351,2214.9623670578003
17,9.849431818181818,10.0,1.0204583406448364,349,160,352,2224.025101184845
25,9.892351274787535,10.0,0.7224146127700806,619,240,353,2240.1101977825165
11,9.8954802259887,10.0,0.9497413635253906,268,100,354,2247.1209824085236
14,9.907042253521126,10.0,1.0358237028121948,382,130,355,2257.052723169327
12,9.912921348314606,10.0,0.8445335030555725,272,110,356,2264.083915710449
6,9.901960784313726,10.0,0.7561970353126526,160,50,357,2268.32190656662
11,9.905027932960893,10.0,1.0066903829574585,217,100,358,2273.9945969581604
13,9.913649025069638,10.0,0.9316087365150452,237,120,359,2280.188019990921
1,9.88888888888889,10.0,0.801205575466156,30,0,360,2281.0071861743927
21,9.9196675900277,10.0,0.7810438871383667,359,200,361,2290.352792263031
31,9.977900552486188,10.0,0.9577071070671082,652,300,362,2307.1818437576294
14,9.988980716253444,10.0,1.0322202444076538,314,130,363,2315.401700735092
26,10.032967032967033,10.0,0.8275173902511597,689,250,364,2333.1926600933075
14,10.043835616438356,10.0,0.7759461998939514,287,130,365,2340.668066740036
1,10.019125683060109,10.0,0.921110212802887,24,0,366,2341.397621870041
8,10.013623978201634,10.0,0.9444602131843567,185,70,367,2346.2705109119415
10,10.013586956521738,10.0,0.8853587508201599,220,90,368,2352.0532743930817
9,10.010840108401084,10.0,0.8423418998718262,196,80,369,2357.189428806305
15,10.024324324324324,10.0,0.8961798548698425,313,140,370,2365.380797147751
6,10.013477088948788,10.0,1.2517952919006348,151,50,371,2369.3820540905
5,10.0,10.0,1.0375040769577026,93,40,372,2371.949473142624
23,10.03485254691689,10.0,1.1320152282714844,469,220,373,2384.118795156479
8,10.029411764705882,10.0,0.8114911317825317,171,70,374,2388.631633043289
21,10.058666666666667,10.0,0.8587998151779175,365,200,375,2398.130742073059
2,10.037234042553191,10.0,0.8786157369613647,77,10,376,2400.2432041168213
2,10.015915119363395,10.0,1.0691590309143066,87,10,377,2402.6637444496155
4,10.0,10.0,1.0429075956344604,67,30,378,2404.527247428894
25,10.03957783641161,10.0,0.7922859787940979,559,240,379,2419.004148244858
6,10.028947368421052,10.0,0.8519716262817383,109,50,380,2421.933055639267
9,10.026246719160104,10.0,0.928571879863739,167,80,381,2426.344194173813
17,10.044502617801047,10.0,1.0777454376220703,320,160,382,2434.688212156296
7,10.036553524804178,10.0,1.060144066810608,148,60,383,2438.6500976085663
7,10.028645833333334,10.0,0.9282514452934265,149,60,384,2442.6267726421356
3,10.01038961038961,10.0,0.8569177985191345,96,20,385,2445.2661151885986
16,10.025906735751295,10.0,0.7217754125595093,371,150,386,2454.9272787570953
20,10.051679586563308,10.0,0.7301115989685059,442,190,387,2466.3935117721558
32,10.108247422680412,10.0,0.9729066491127014,806,310,388,2487.2518451213837
14,10.118251928020566,10.0,0.7757057547569275,283,130,389,2494.6425664424896
24,10.153846153846153,10.0,0.8154330253601074,565,230,390,2509.2627971172333
32,10.209718670076727,10.0,1.140950322151184,684,310,391,2526.979561328888
20,10.23469387755102,10.0,0.8992161750793457,411,190,392,2537.6968615055084
15,10.246819338422393,10.0,0.6471781134605408,301,140,393,2545.496430158615
42,10.32741116751269,10.0,1.0097637176513672,889,410,394,2568.402420282364
19,10.349367088607595,10.0,0.8757870197296143,332,180,395,2577.006402015686
35,10.41161616161616,10.0,0.7882003784179688,715,340,396,2595.486785173416
24,10.445843828715365,10.0,0.803945004940033,406,230,397,2606.1047670841217
27,10.487437185929648,10.0,0.881722629070282,595,260,398,2621.4774079322815
7,10.478696741854636,10.0,0.9352257251739502,149,60,399,2625.4817547798157
6,10.4675,10.0,0.7570943236351013,169,50,400,2629.975075006485
10,10.46633416458853,10.0,0.950379490852356,271,90,401,2637.1108798980713
5,10.45273631840796,10.0,0.9554408192634583,76,40,402,2639.169605255127
13,10.459057071960297,10.0,0.8875395655632019,222,120,403,2645.000319957733
38,10.527227722772277,10.0,1.3804819583892822,937,370,404,2669.1979718208313
21,10.553086419753086,10.0,1.2606536149978638,462,200,405,2681.1621646881104
32,10.605911330049262,10.0,0.7444774508476257,787,310,406,2701.482185602188
21,10.631449631449632,10.0,0.9049802422523499,414,200,407,2712.2390632629395
12,10.634803921568627,10.0,0.8365616202354431,238,110,408,2718.4808390140533
13,10.640586797066014,10.0,0.952343761920929,267,120,409,2725.5405073165894
9,10.636585365853659,10.0,1.0411646366119385,235,80,410,2731.7508256435394
18,10.654501216545013,10.0,0.844555675983429,373,170,411,2741.3437695503235
7,10.645631067961165,10.0,1.0648152828216553,147,60,412,2745.2082827091217
17,10.661016949152541,10.0,1.2205314636230469,422,160,413,2756.1158063411713
10,10.659420289855072,10.0,0.8465173244476318,265,90,414,2763.0510058403015
28,10.701204819277109,10.0,1.0330309867858887,671,270,415,2780.3458664417267
6,10.689903846153847,10.0,0.7568009495735168,108,50,416,2783.191171169281
18,10.707434052757794,10.0,0.7642238140106201,278,170,417,2790.434109210968
8,10.700956937799043,10.0,0.9092181921005249,204,70,418,2795.7983005046844
2,10.680190930787589,10.0,0.9451625943183899,26,10,419,2796.548248767853
15,10.69047619047619,10.0,0.9407598376274109,369,140,420,2806.093238592148
8,10.684085510688837,10.0,0.9253029823303223,190,70,421,2811.048219680786
9,10.680094786729859,10.0,1.1354238986968994,178,80,422,2815.6912598609924
35,10.73758865248227,10.0,0.787979245185852,832,340,423,2837.1212940216064
23,10.766509433962264,10.0,0.8138853311538696,432,220,424,2848.3552527427673
6,10.75529411764706,10.0,0.6864762902259827,140,50,425,2852.1714565753937
5,10.741784037558686,10.0,0.8757261037826538,118,40,426,2855.3483984470367
39,10.807962529274004,10.0,0.7475802302360535,709,380,427,2873.7037637233734
19,10.827102803738319,10.0,0.9438124895095825,421,180,428,2884.661477088928
10,10.825174825174825,10.0,0.8403183817863464,234,90,429,2890.828258037567
37,10.886046511627907,10.0,0.8542190194129944,870,360,430,2913.297371864319
6,10.874709976798144,10.0,1.1504933834075928,122,50,431,2916.6121723651886
1,10.851851851851851,10.0,0.8582833409309387,24,0,432,2917.327762365341
27,10.889145496535797,10.0,0.9458395838737488,575,260,433,2932.2931005954742
7,10.880184331797235,10.0,0.6537536382675171,106,60,434,2935.164963245392
21,10.903448275862068,10.0,0.7957700490951538,483,200,435,2947.658679008484
15,10.912844036697248,10.0,0.9137372970581055,403,140,436,2958.1066670417786
10,10.91075514874142,10.0,0.9798697829246521,157,90,437,2962.252939939499
21,10.9337899543379,10.0,1.0698904991149902,434,200,438,2973.5418829917908
8,10.927107061503417,10.0,1.0009233951568604,136,70,439,2977.1253728866577
3,10.909090909090908,10.0,0.8728159070014954,75,20,440,2979.160667181015
5,10.895691609977325,10.0,0.9583996534347534,58,40,441,2980.7419431209564
21,10.918552036199095,10.0,0.8859114050865173,393,200,442,2990.950650691986
1,10.896162528216705,10.0,0.9440603852272034,46,0,443,2992.2844161987305
27,10.932432432432432,10.0,0.878470778465271,438,260,444,3003.6492133140564
6,10.92134831460674,10.0,1.0689711570739746,103,50,445,3006.508981704712
9,10.917040358744394,10.0,0.9933064579963684,222,80,446,3012.346683740616
7,10.9082774049217,10.0,0.9091982245445251,154,60,447,3016.4275958538055
20,10.928571428571429,10.0,1.0104812383651733,430,190,448,3027.6238219738007
7,10.919821826280623,10.0,0.929222822189331,112,60,449,3030.6205010414124
27,10.955555555555556,10.0,0.8503718972206116,478,260,450,3043.02747130394
9,10.951219512195122,10.0,1.0760935544967651,241,80,451,3049.3527159690857
32,10.997787610619469,10.0,0.9773877859115601,633,310,452,3065.7534651756287
6,10.986754966887418,10.0,1.1015510559082031,149,50,453,3069.6825788021088
15,10.995594713656388,10.0,0.9408814907073975,296,140,454,3077.3802123069763
0,10.971428571428572,10.0,1.1724168062210083,17,-10,455,3077.9086232185364
19,10.989035087719298,10.0,0.9814005494117737,365,180,456,3087.4516129493713
14,10.99562363238512,10.0,1.0604605674743652,247,130,457,3093.890378713608
34,11.04585152838428,10.0,0.8377457857131958,638,330,458,3110.4193341732025
18,11.061002178649238,10.0,0.871519148349762,424,170,459,3121.422387599945
7,11.052173913043479,10.0,0.956720232963562,133,60,460,3124.988812685013
11,11.052060737527116,10.0,1.2005747556686401,259,100,461,3131.8239295482635
0,11.028138528138529,10.0,1.1585133075714111,21,-10,462,3132.491811990738
29,11.06695464362851,10.0,0.8616302013397217,623,280,463,3148.596292734146
26,11.099137931034482,10.0,1.0907604694366455,637,250,464,3165.047434568405
22,11.12258064516129,10.0,0.8186355829238892,459,210,465,3176.931792974472
28,11.158798283261802,10.0,0.7831383347511292,572,270,466,3191.785735845566
2,11.139186295503212,10.0,0.6374064683914185,30,10,467,3192.6906683444977
34,11.188034188034187,10.0,0.9304927587509155,779,330,468,3212.8221876621246
23,11.213219616204691,10.0,0.9083389639854431,471,220,469,3225.0207436084747
7,11.204255319148936,10.0,0.8589296936988831,182,60,470,3229.8185749053955
32,11.248407643312103,10.0,0.7964601516723633,597,310,471,3245.319064617157
36,11.30084745762712,10.0,0.9320388436317444,704,350,472,3263.5229074954987
43,11.367864693446089,10.0,0.9034306406974792,979,420,473,3288.789164543152
1,11.345991561181435,10.0,0.900942325592041,43,0,474,3290.0395181179047
19,11.362105263157895,10.0,0.7922690510749817,563,180,475,3304.581468105316
24,11.388655462184873,10.0,1.2280833721160889,623,230,476,3320.7273139953613
22,11.41090146750524,10.0,0.85563063621521,447,210,477,3332.343386888504
19,11.426778242677825,10.0,0.7440844178199768,304,180,478,3340.280806541443
19,11.44258872651357,10.0,0.7855468988418579,426,180,479,3351.38600230217
16,11.452083333333333,10.0,1.331551432609558,293,150,480,3359.0454561710358
11,11.451143451143452,10.0,0.8132968544960022,259,100,481,3365.824308156967
4,11.435684647302905,10.0,0.811717689037323,69,30,482,3367.7675030231476
3,11.418219461697722,10.0,1.0091252326965332,104,20,483,3370.592739343643
5,11.40495867768595,10.0,0.8088475465774536,71,40,484,3372.6325929164886
18,11.418556701030928,10.0,0.6476083397865295,326,170,485,3381.1189670562744
18,11.432098765432098,10.0,1.166058897972107,362,170,486,3390.544619321823
3,11.414784394250514,10.0,1.035906195640564,56,20,487,3392.2008764743805
18,11.42827868852459,10.0,1.0711430311203003,405,170,488,3402.7218582630157
19,11.443762781186095,10.0,1.047954797744751,371,180,489,3412.303593158722
28,11.477551020408164,10.0,0.9213586449623108,590,270,490,3427.542717695236
19,11.492871690427698,10.0,1.0819605588912964,414,180,491,3438.2709379196167
21,11.512195121951219,10.0,0.8630683422088623,470,200,492,3450.5282216072083
22,11.533468559837727,10.0,1.0202569961547852,461,210,493,3462.53724193573
35,11.580971659919028,10.0,0.8105844855308533,699,340,494,3480.5779979228973
24,11.606060606060606,10.0,0.8263799548149109,484,230,495,3493.152153968811
36,11.65524193548387,10.0,1.0012288093566895,876,350,496,3515.7738633155823
1,11.633802816901408,10.0,1.0856099128723145,9,0,497,3516.1509926319122
22,11.654618473895582,10.0,0.8797722458839417,477,210,498,3528.5662636756897
7,11.645290581162325,10.0,0.9300110936164856,125,60,499,3531.930713415146
39,11.7,10.0,1.018108606338501,911,380,500,3555.4419565200806
13,11.702594810379242,10.0,1.0327039957046509,283,120,501,3562.8029248714447
4,11.687250996015937,10.0,0.9570854306221008,99,30,502,3565.5011217594147
18,11.699801192842942,10.0,1.000558853149414,344,170,503,3574.500952243805
12,11.700396825396826,10.0,0.8042938113212585,201,110,504,3579.8015632629395
9,11.695049504950495,10.0,0.8933947086334229,185,80,505,3584.6610169410706
8,11.687747035573123,10.0,0.9561455845832825,173,70,506,3589.2418253421783
1,11.666666666666666,10.0,1.160860300064087,24,0,507,3589.9975275993347
16,11.6751968503937,10.0,0.9528403878211975,291,150,508,3597.628509283066
21,11.693516699410608,10.0,0.9140080809593201,407,200,509,3608.222671985626
13,11.696078431372548,10.0,0.8210268616676331,238,120,510,3614.4622263908386
37,11.74559686888454,10.0,0.9730251431465149,746,360,511,3633.7376520633698
19,11.759765625,10.0,1.1280009746551514,419,180,512,3644.6101458072662
19,11.773879142300196,10.0,0.9099036455154419,402,180,513,3655.025302886963
9,11.768482490272374,10.0,0.8973737955093384,177,80,514,3659.6584765911102
5,11.755339805825242,10.0,1.0437971353530884,94,40,515,3662.1830337047577
6,11.744186046511627,10.0,0.9141788482666016,117,50,516,3665.287027835846
40,11.798839458413926,10.0,1.0446377992630005,1002,390,517,3691.1633031368256
15,11.805019305019306,10.0,0.9871708750724792,290,140,518,3698.7123699188232
13,11.80732177263969,10.0,1.670177698135376,343,120,519,3707.628584384918
9,11.801923076923076,10.0,1.023511528968811,149,80,520,3711.5974271297455
17,11.81190019193858,10.0,0.9786436557769775,409,160,521,3722.283858060837
5,11.798850574712644,10.0,1.0683540105819702,62,40,522,3724.0533442497253
7,11.789674952198853,10.0,0.9613959789276123,164,60,523,3728.455154657364
37,11.837786259541986,10.0,1.1588157415390015,902,360,524,3751.7416684627533
9,11.832380952380952,10.0,1.2617360353469849,202,80,525,3757.1090064048767
16,11.840304182509506,10.0,0.8461214900016785,369,150,526,3766.716708421707
2,11.821631878557875,10.0,0.9360094666481018,37,10,527,3767.7990980148315
24,11.844696969696969,10.0,1.0011913776397705,502,230,528,3780.7984561920166
30,11.879017013232515,10.0,0.9118148684501648,641,290,529,3797.3765308856964
20,11.894339622641509,10.0,0.7905230522155762,409,190,530,3808.0365686416626
7,11.88512241054614,10.0,0.9247025847434998,113,60,531,3811.110988140106
18,11.896616541353383,10.0,0.8737220764160156,382,170,532,3821.1408689022064
21,11.913696060037523,10.0,1.0136383771896362,378,200,533,3830.9123101234436
10,11.910112359550562,10.0,1.053697109222412,248,90,534,3837.424125432968
12,11.910280373831776,10.0,0.7968756556510925,213,110,535,3843.0546193122864
24,11.932835820895523,10.0,0.9235454201698303,508,230,536,3856.1972301006317
6,11.921787709497206,10.0,1.1509610414505005,168,50,537,3860.6521866321564
33,11.96096654275093,10.0,0.69840407371521,755,320,538,3880.168613433838
8,11.953617810760669,10.0,0.9195781946182251,127,70,539,3883.5932166576385
40,12.005555555555556,10.0,0.8512648344039917,938,390,540,3907.769427537918
25,12.029574861367838,10.0,0.9159881472587585,514,240,541,3921.081880092621
6,12.018450184501845,10.0,0.8703774213790894,142,50,542,3924.897581577301
14,12.022099447513812,10.0,1.0313804149627686,340,130,543,3933.751672744751
24,12.044117647058824,10.0,0.982306957244873,549,230,544,3947.980747461319
24,12.06605504587156,10.0,0.9692614078521729,512,230,545,3961.278435945511
15,12.071428571428571,10.0,0.8283475637435913,305,140,546,3969.2420752048492
20,12.085923217550274,10.0,1.0787110328674316,484,190,547,3981.8135368824005
11,12.083941605839415,10.0,1.1359591484069824,220,100,548,3987.624278306961
40,12.13479052823315,10.0,0.9570943117141724,811,390,549,4008.5798392295837
3,12.118181818181819,10.0,0.9281501173973083,87,20,550,4010.9407896995544
10,12.114337568058076,10.0,1.361559271812439,226,90,551,4016.822201490402
8,12.106884057971014,10.0,0.9770187139511108,142,70,552,4020.581996202469
8,12.099457504520796,10.0,1.0622798204421997,202,70,553,4025.8822886943817
24,12.120938628158845,10.0,1.1077969074249268,641,230,554,4042.462555170059
33,12.158558558558559,10.0,0.8983316421508789,736,320,555,4061.4946336746216
20,12.172661870503598,10.0,0.9940635561943054,384,190,556,4071.5307257175446
5,12.159784560143626,10.0,0.9329243302345276,108,40,557,4074.441237449646
7,12.150537634408602,10.0,0.9691710472106934,139,60,558,4078.121004343033
13,12.152057245080501,10.0,0.9884738922119141,339,120,559,4086.951711177826
1,12.132142857142858,10.0,1.1038883924484253,31,0,560,4087.9055845737457
26,12.156862745098039,10.0,0.9027537703514099,590,250,561,4103.198127508163
20,12.170818505338078,10.0,1.0275672674179077,451,190,562,4114.927997112274
26,12.19538188277087,10.0,1.060537338256836,546,250,563,4129.022804737091
13,12.196808510638299,10.0,1.1352463960647583,307,120,564,4137.026930332184
7,12.187610619469027,10.0,0.7776297926902771,134,60,565,4140.561623573303
10,12.183745583038869,10.0,0.9445582032203674,170,90,566,4145.02871799469
6,12.17283950617284,10.0,0.7826558351516724,114,50,567,4148.100132465363
19,12.184859154929578,10.0,0.9616093039512634,362,180,568,4157.477459192276
33,12.221441124780316,10.0,1.007169246673584,680,320,569,4175.0787088871
2,12.203508771929824,10.0,0.9112805724143982,51,10,570,4176.561624288559
7,12.194395796847635,10.0,0.7813155651092529,153,60,571,4180.619383811951
5,12.181818181818182,10.0,0.807812511920929,105,40,572,4183.462487697601
18,12.191972076788831,10.0,1.181799292564392,441,170,573,4194.915675640106
27,12.217770034843205,10.0,0.9721187353134155,600,260,574,4210.428869962692
19,12.229565217391304,10.0,0.9791188836097717,389,180,575,4220.553845643997
8,12.222222222222221,10.0,0.8847110271453857,129,70,576,4224.009398698807
2,12.204506065857885,10.0,1.0909607410430908,62,10,577,4225.729726552963
33,12.240484429065743,10.0,0.8470909595489502,653,320,578,4242.617236852646
39,12.286701208981002,10.0,0.7521708011627197,714,380,579,4261.044066905975
9,12.28103448275862,10.0,0.9337278604507446,212,80,580,4266.619301557541
19,12.292598967297762,10.0,1.0135855674743652,422,180,581,4277.567180633545
3,12.276632302405499,10.0,1.29769766330719,66,20,582,4279.356057882309
20,12.289879931389365,10.0,1.0184487104415894,369,190,583,4288.942862033844
2,12.272260273972602,10.0,0.9682212471961975,58,10,584,4290.558648109436
6,12.261538461538462,10.0,0.8989900946617126,111,50,585,4293.58206152916
8,12.254266211604095,10.0,1.0839130878448486,154,70,586,4297.65904211998
23,12.272572402044293,10.0,0.7695301175117493,414,220,587,4308.400468587875
17,12.28061224489796,10.0,0.790372371673584,353,160,588,4317.621256113052
13,12.281833616298812,10.0,1.1810659170150757,293,120,589,4325.270250797272
21,12.296610169491526,10.0,0.7989236116409302,398,200,590,4335.700470924377
13,12.297800338409475,10.0,0.9434366822242737,283,120,591,4343.159939527512
2,12.280405405405405,10.0,0.9968894720077515,50,10,592,4344.584173202515
23,12.298482293423271,10.0,0.8153647184371948,438,220,593,4355.941867351532
1,12.27946127946128,10.0,0.9975156188011169,32,0,594,4356.887041807175
24,12.299159663865547,10.0,0.9151980876922607,623,230,595,4373.00577878952
12,12.298657718120806,10.0,0.9233461618423462,211,110,596,4378.541555404663
24,12.318257956448912,10.0,0.7436390519142151,415,230,597,4389.3203561306
11,12.316053511705686,10.0,1.0510858297348022,199,100,598,4394.537659168243
10,12.312186978297161,10.0,0.9682583212852478,156,90,599,4398.644330263138
15,12.316666666666666,10.0,0.9929774403572083,339,140,600,4407.581517696381
9,12.311148086522463,10.0,0.9890350699424744,213,80,601,4413.232966423035
6,12.300664451827242,10.0,0.9053536653518677,157,50,602,4417.443316698074
14,12.303482587064677,10.0,1.0983284711837769,249,130,603,4423.972704648972
5,12.291390728476822,10.0,0.9059024453163147,93,40,604,4426.52303981781
19,12.302479338842975,10.0,0.8439754843711853,308,180,605,4434.6283502578735
9,12.297029702970297,10.0,0.7992215752601624,175,80,606,4439.324626684189
21,12.311367380560132,10.0,0.9584742784500122,446,200,607,4450.927388191223
3,12.296052631578947,10.0,0.9106119871139526,81,20,608,4453.164922952652
25,12.316912972085387,10.0,1.1298859119415283,535,240,609,4467.033776760101
5,12.304918032786885,10.0,0.900762677192688,83,40,610,4469.3510756492615
1,12.286415711947626,10.0,0.9402483701705933,29,0,611,4470.223236083984
14,12.28921568627451,10.0,0.9289848804473877,313,130,612,4478.338318347931
16,12.2952691680261,10.0,0.8341742157936096,281,150,613,4485.662281513214
6,12.285016286644952,10.0,0.9112321138381958,116,50,614,4488.766349077225
6,12.27479674796748,10.0,0.8872233629226685,134,50,615,4492.321038007736
20,12.287337662337663,10.0,0.8759720325469971,496,190,616,4505.108421564102
17,12.294975688816855,10.0,1.0787806510925293,396,160,617,4515.2788598537445
5,12.283171521035598,10.0,0.9848057627677917,105,40,618,4518.099986553192
10,12.279483037156705,10.0,1.0133202075958252,177,90,619,4522.734206676483
22,12.29516129032258,10.0,0.943259060382843,444,210,620,4534.241619586945
12,12.294685990338165,10.0,0.9889453649520874,203,110,621,4539.591294765472
1,12.27652733118971,10.0,0.8179908990859985,16,0,622,4540.122838020325
24,12.295345104333869,10.0,0.7937653064727783,501,230,623,4553.116214752197
5,12.283653846153847,10.0,0.9127622246742249,170,40,624,4557.639711141586
5,12.272,10.0,1.1078341007232666,106,40,625,4560.513478755951
0,12.252396166134185,10.0,1.059668779373169,19,-10,626,4561.115257501602
28,12.277511961722489,10.0,0.9009242057800293,609,270,627,4576.860273361206
2,12.261146496815286,10.0,0.9781229496002197,58,10,628,4578.493014335632
2,12.24483306836248,10.0,0.8129797577857971,32,10,629,4579.490926980972
27,12.268253968253969,10.0,0.9222429394721985,579,260,630,4594.509989976883
18,12.277337559429476,10.0,0.90683513879776,449,170,631,4606.176094055176
5,12.265822784810126,10.0,0.9165034890174866,89,40,632,4608.573792219162
16,12.27172195892575,10.0,0.9624143838882446,332,150,633,4617.204778432846
4,12.258675078864353,10.0,0.9090861678123474,94,30,634,4619.715906381607
6,12.248818897637795,10.0,0.7333636283874512,176,50,635,4624.37815451622
37,12.287735849056604,10.0,1.154494285583496,792,360,636,4644.827637434006
18,12.296703296703297,10.0,0.9616483449935913,507,170,637,4658.041296720505
4,12.283699059561128,10.0,0.8822145462036133,112,30,638,4661.040859222412
5,12.272300469483568,10.0,0.9846113324165344,88,40,639,4663.435176372528
11,12.2703125,10.0,1.0030616521835327,250,100,640,4670.021274328232
30,12.297971918876755,10.0,0.9258729815483093,669,290,641,4687.3469297885895
14,12.300623052959502,10.0,1.0825300216674805,293,130,642,4694.944935560226
38,12.34059097978227,10.0,1.123798131942749,854,370,643,4716.936228513718
22,12.355590062111801,10.0,1.0174403190612793,498,210,644,4729.8649225234985
8,12.348837209302326,10.0,0.8741303086280823,177,70,645,4734.523896932602
5,12.337461300309597,10.0,0.9175875782966614,113,40,646,4737.524188756943
10,12.333848531684698,10.0,0.8453319668769836,258,90,647,4744.257622241974
15,12.337962962962964,10.0,0.815121591091156,333,140,648,4752.911513566971
33,12.36979969183359,10.0,0.8131818175315857,641,320,649,4769.587016582489
12,12.36923076923077,10.0,0.9499572515487671,259,110,650,4776.363331317902
7,12.360983102918587,10.0,0.8659142851829529,116,60,651,4779.520339488983
8,12.354294478527608,10.0,0.7440943717956543,181,70,652,4784.300599098206
30,12.381316998468606,10.0,1.2790274620056152,553,290,653,4798.651616096497
15,12.385321100917432,10.0,0.6754130721092224,273,140,654,4805.838760137558
20,12.396946564885496,10.0,0.8533010482788086,413,190,655,4816.582825660706
14,12.399390243902438,10.0,0.7871778011322021,219,130,656,4822.353262424469
14,12.401826484018265,10.0,0.7457017302513123,292,130,657,4829.98947763443
12,12.401215805471125,10.0,1.028051495552063,274,110,658,4837.105343341827
2,12.385432473444613,10.0,1.1151721477508545,49,10,659,4838.462278842926
9,12.38030303030303,10.0,0.8370140194892883,172,80,660,4842.946758508682
9,12.37518910741301,10.0,1.045041561126709,147,80,661,4846.860236644745
8,12.36858006042296,10.0,1.2139822244644165,200,70,662,4852.156633615494
12,12.368024132730016,10.0,0.8320363163948059,290,110,663,4859.702875852585
35,12.40210843373494,10.0,0.94253009557724,686,340,664,4877.449977636337
16,12.40751879699248,10.0,0.8925119042396545,328,150,665,4886.0296494960785
11,12.405405405405405,10.0,0.9061384797096252,290,100,666,4893.645015239716
24,12.422788605697152,10.0,0.7258134484291077,512,230,667,4906.894404888153
8,12.416167664670658,10.0,0.9566942453384399,163,70,668,4911.229415893555
24,12.433482810164424,10.0,0.902586042881012,601,230,669,4926.805492639542
24,12.450746268656717,10.0,1.0515323877334595,606,230,670,4942.544735431671
27,12.472429210134129,10.0,0.8253563642501831,559,260,671,4956.993561029434
34,12.504464285714286,10.0,0.8450605273246765,694,330,672,4974.9020409584045
29,12.528974739970282,10.0,0.8942369222640991,529,280,673,4988.585800886154
0,12.510385756676557,10.0,0.9820383191108704,15,-10,674,4989.066899776459
12,12.509629629629629,10.0,1.0356687307357788,241,110,675,4995.351466417313
9,12.504437869822485,10.0,0.9620078802108765,138,80,676,4998.987273693085
5,12.493353028064993,10.0,0.9661924839019775,135,40,677,5002.540709495544
3,12.479351032448378,10.0,1.069028377532959,79,20,678,5004.708956003189
29,12.503681885125184,10.0,0.8489916920661926,619,280,679,5020.715619325638
25,12.522058823529411,10.0,0.7490811944007874,588,240,680,5035.962398290634
10,12.518355359765051,10.0,0.8217719197273254,205,90,681,5041.339019775391
1,12.501466275659824,10.0,1.0634897947311401,25,0,682,5042.16259765625
1,12.48462664714495,10.0,1.088161826133728,45,0,683,5043.466978311539
8,12.478070175438596,10.0,0.9572510719299316,169,70,684,5047.954495191574
26,12.497810218978103,10.0,0.9661698341369629,544,250,685,5062.061442613602
9,12.492711370262391,10.0,0.9984665513038635,203,80,686,5067.422396659851
15,12.496360989810771,10.0,0.9232311844825745,294,140,687,5075.129359483719
12,12.49563953488372,10.0,0.9163013696670532,230,110,688,5081.229536294937
15,12.499274310595066,10.0,0.805124819278717,309,140,689,5089.301847457886
39,12.53768115942029,10.0,0.9838506579399109,865,380,690,5111.641412258148
12,12.536903039073806,10.0,0.7862179279327393,244,110,691,5118.013186216354
2,12.521676300578035,10.0,0.8642268776893616,31,10,692,5118.905026435852
9,12.516594516594516,10.0,1.1952821016311646,176,80,693,5123.525133371353
19,12.52593659942363,10.0,1.1019375324249268,407,180,694,5134.069857120514
18,12.533812949640287,10.0,0.904511570930481,404,170,695,5144.553158521652
8,12.527298850574713,10.0,0.8102497458457947,121,70,696,5147.820491075516
2,12.512195121951219,10.0,0.9257270693778992,51,10,697,5149.223008394241
26,12.531518624641834,10.0,1.1316519975662231,516,250,698,5162.6023552417755
4,12.51931330472103,10.0,1.0783461332321167,70,30,699,5164.4953989982605
6,12.51,10.0,0.9439443945884705,165,50,700,5168.841701030731
13,12.510699001426534,10.0,1.0404212474822998,212,120,701,5174.427539348602
7,12.502849002849002,10.0,0.9693861603736877,128,60,702,5177.823429584503
11,12.500711237553343,10.0,0.9269839525222778,240,100,703,5184.063421487808
25,12.518465909090908,10.0,1.2316466569900513,581,240,704,5199.056560754776
27,12.539007092198581,10.0,0.9760993123054504,669,260,705,5216.310380458832
2,12.524079320113314,10.0,1.048952341079712,42,10,706,5217.495718955994
17,12.53041018387553,10.0,0.9576883912086487,428,160,707,5228.578910112381
21,12.542372881355933,10.0,1.16276216506958,467,200,708,5240.681642770767
2,12.527503526093088,10.0,1.0151160955429077,74,10,709,5242.667150735855
10,12.523943661971831,10.0,0.9282407164573669,200,90,710,5247.941719055176
1,12.507735583684951,10.0,0.8081325888633728,27,0,711,5248.802915096283
8,12.501404494382022,10.0,0.9168674349784851,192,70,712,5253.891395330429
2,12.486676016830295,10.0,0.8943697810173035,35,10,713,5254.951709032059
36,12.519607843137255,10.0,0.8468420505523682,961,350,714,5279.722353696823
1,12.503496503496503,10.0,0.867073655128479,34,0,715,5280.745655059814
23,12.518156424581006,10.0,1.2695496082305908,445,220,716,5292.290803194046
24,12.534170153417016,10.0,0.9752825498580933,546,230,717,5306.434518098831
17,12.540389972144848,10.0,0.8469926714897156,396,160,718,5316.663051366806
13,12.541029207232267,10.0,1.4238027334213257,306,120,719,5324.627634525299
29,12.563888888888888,10.0,0.9199652671813965,688,280,720,5342.358106613159
38,12.599167822468793,10.0,0.7676537036895752,678,370,721,5359.851598739624
19,12.60803324099723,10.0,1.1392203569412231,413,180,722,5370.6005482673645
20,12.618257261410788,10.0,0.9550337195396423,441,190,723,5382.0432777404785
26,12.636740331491712,10.0,0.8690513372421265,489,250,724,5394.738263607025
14,12.638620689655172,10.0,0.7580136060714722,242,130,725,5401.064506530762
26,12.65702479338843,10.0,0.9716384410858154,530,250,726,5414.781531333923
3,12.643741403026135,10.0,0.965654194355011,56,20,727,5416.340861797333
16,12.648351648351648,10.0,1.0834029912948608,374,150,728,5426.077377319336
24,12.663923182441701,10.0,0.7038423418998718,494,230,729,5438.8837018013
3,12.650684931506849,10.0,0.8057366013526917,61,20,730,5440.641360282898
2,12.63611491108071,10.0,0.7153195142745972,46,10,731,5441.925102472305
44,12.67896174863388,10.0,0.8751366138458252,877,430,732,5464.512313127518
3,12.665757162346521,10.0,0.8406040072441101,43,20,733,5465.721398353577
28,12.686648501362399,10.0,0.7866402864456177,593,270,734,5481.043836355209
21,12.69795918367347,10.0,0.9835307598114014,447,200,735,5492.66405749321
14,12.699728260869565,10.0,0.9064438343048096,280,130,736,5499.963034629822
4,12.687924016282226,10.0,0.903937816619873,117,30,737,5503.104454755783
1,12.672086720867208,10.0,0.8137639760971069,25,0,738,5503.919764280319
23,12.686062246278755,10.0,0.8753332495689392,512,220,739,5517.185351133347
6,12.677027027027027,10.0,0.8212423324584961,115,50,740,5520.299539804459
11,12.67476383265857,10.0,0.7751995325088501,201,100,741,5525.64311504364
21,12.685983827493262,10.0,0.8738518953323364,453,200,742,5537.419931650162
1,12.670255720053836,10.0,1.0452589988708496,13,0,743,5537.87206029892
9,12.665322580645162,10.0,0.7938399910926819,190,80,744,5542.893802404404
38,12.699328859060403,10.0,0.8628094792366028,865,370,745,5565.173629522324
5,12.689008042895443,10.0,0.8367367386817932,64,40,746,5566.959321022034
4,12.677376171352075,10.0,0.941129207611084,93,30,747,5569.474898338318
18,12.684491978609625,10.0,0.806252121925354,298,170,748,5577.214940071106
4,12.672897196261681,10.0,0.8865371346473694,83,30,749,5579.444143533707
11,12.670666666666667,10.0,0.9259730577468872,194,100,750,5584.523186445236
20,12.680426098535285,10.0,0.8638615012168884,362,190,751,5593.914342164993
4,12.668882978723405,10.0,0.6738488674163818,61,30,752,5595.571599006653
26,12.686586985391767,10.0,0.9987561702728271,491,250,753,5608.336314678192
19,12.694960212201591,10.0,1.0108237266540527,387,180,754,5618.422654628754
8,12.688741721854305,10.0,1.0678904056549072,131,70,755,5621.898900985718
5,12.678571428571429,10.0,0.9619432687759399,119,40,756,5625.08469748497
8,12.672391017173052,10.0,1.040727972984314,156,70,757,5629.257081985474
35,12.70184696569921,10.0,1.0446656942367554,830,340,758,5650.681496858597
9,12.696969696969697,10.0,0.9927018880844116,199,80,759,5655.90470457077
9,12.692105263157895,10.0,0.8228267431259155,213,80,760,5661.461230278015
6,12.683311432325887,10.0,0.904880940914154,67,50,761,5663.346967220306
21,12.694225721784777,10.0,0.9364466667175293,401,200,762,5673.730758666992
18,12.701179554390563,10.0,0.8547846078872681,392,170,763,5683.864216566086
6,12.692408376963352,10.0,0.9822607636451721,207,50,764,5689.312606096268
2,12.678431372549019,10.0,1.1051357984542847,44,10,765,5690.5827877521515
28,12.698433420365536,10.0,1.1850264072418213,635,270,766,5706.997220754623
2,12.684485006518905,10.0,0.959143877029419,81,10,767,5709.159708738327
7,12.677083333333334,10.0,1.0902172327041626,204,60,768,5714.485049009323
16,12.681404421326398,10.0,0.8632946014404297,352,150,769,5723.614384651184
22,12.693506493506494,10.0,0.9654269218444824,494,210,770,5736.4707770347595
26,12.710765239948119,10.0,0.714592456817627,465,250,771,5748.521798849106
23,12.724093264248705,10.0,0.7125453352928162,470,220,772,5760.761222600937
1,12.708926261319535,10.0,0.9329149723052979,27,0,773,5761.602964639664
14,12.710594315245478,10.0,0.9609097242355347,253,130,774,5768.271342515945
20,12.72,10.0,0.7147088050842285,403,190,775,5778.753707885742
14,12.721649484536082,10.0,0.7722413539886475,293,130,776,5786.411532402039
13,12.722007722007723,10.0,0.7803912162780762,255,120,777,5793.093217611313
2,12.708226221079691,10.0,0.8473272919654846,32,10,778,5794.046681880951
7,12.700898587933247,10.0,0.9266939163208008,99,60,779,5796.752482414246
8,12.694871794871794,10.0,0.6478745341300964,147,70,780,5800.6536474227905
46,12.73751600512164,10.0,0.9041069149971008,1019,450,781,5826.8215527534485
9,12.732736572890026,10.0,0.9164116978645325,173,80,782,5831.368126153946
29,12.753512132822477,10.0,0.8767685294151306,608,280,783,5847.100846290588
8,12.747448979591837,10.0,0.8719781041145325,207,70,784,5852.5504631996155
10,12.743949044585987,10.0,0.9218488931655884,165,90,785,5856.8970601558685
17,12.749363867684478,10.0,1.019993543624878,427,160,786,5868.036360740662
19,12.75730622617535,10.0,1.0776615142822266,336,180,787,5876.807319402695
10,12.753807106598984,10.0,1.0028085708618164,159,90,788,5881.052720069885
7,12.746514575411913,10.0,0.8212313055992126,186,60,789,5885.96910238266
11,12.744303797468355,10.0,0.7282257676124573,193,100,790,5891.051491975784
19,12.752212389380531,10.0,1.068575143814087,454,180,791,5902.855919122696
19,12.76010101010101,10.0,0.8458186984062195,456,180,792,5914.682839632034
1,12.745271122320302,10.0,0.8851714730262756,34,0,793,5915.7343719005585
14,12.746851385390428,10.0,0.8884754776954651,292,130,794,5923.344118356705
23,12.759748427672957,10.0,0.9150903224945068,542,220,795,5937.327289104462
8,12.753768844221106,10.0,1.1185057163238525,179,70,796,5942.013220787048
35,12.78168130489335,10.0,0.7708765268325806,784,340,797,5962.235778331757
15,12.784461152882205,10.0,0.7569248676300049,323,140,798,5970.679163455963
12,12.783479349186484,10.0,1.011502981185913,283,110,799,5978.065640211105
6,12.775,10.0,0.854909360408783,129,50,800,5981.535393714905
31,12.797752808988765,10.0,1.185213327407837,689,300,801,5999.313028097153
26,12.814214463840399,10.0,0.9360753297805786,568,250,802,6014.013730049133
12,12.813200498132005,10.0,0.751011073589325,205,110,803,6019.440747261047
23,12.82587064676617,10.0,0.9081124663352966,538,220,804,6033.428637742996
2,12.812422360248448,10.0,0.9604835510253906,30,10,805,6034.321214914322
0,12.79652605459057,10.0,0.8839962482452393,17,-10,806,6034.892637014389
1,12.781908302354399,10.0,0.9811278581619263,9,0,807,6035.277978897095
27,12.799504950495049,10.0,1.0598273277282715,610,260,808,6051.032900810242
19,12.80716934487021,10.0,0.8406113982200623,356,180,809,6060.261423826218
26,12.823456790123457,10.0,0.9800435900688171,479,250,810,6072.666732549667
8,12.81750924784217,10.0,0.8981456756591797,138,70,811,6076.297996044159
9,12.812807881773399,10.0,0.9516775012016296,184,80,812,6081.132125139236
15,12.81549815498155,10.0,1.0397955179214478,292,140,813,6088.758192062378
7,12.808353808353809,10.0,0.8977950215339661,157,60,814,6092.966185092926
4,12.797546012269938,10.0,0.7887046933174133,72,30,815,6094.958068847656
2,12.784313725490197,10.0,1.0241210460662842,75,10,816,6097.028481245041
6,12.776009791921664,10.0,0.785918116569519,86,50,817,6099.394101381302
22,12.787286063569683,10.0,0.9279816746711731,434,210,818,6110.691707849503
27,12.804639804639805,10.0,1.3134554624557495,539,260,819,6124.652869939804
14,12.80609756097561,10.0,0.8249574899673462,251,130,820,6131.224166154861
40,12.839220462850182,10.0,0.7603170275688171,822,390,821,6152.418086767197
18,12.845498783454987,10.0,0.696416974067688,311,170,822,6160.54073882103
10,12.842041312272174,10.0,0.8888405561447144,227,90,823,6166.53480219841
11,12.839805825242719,10.0,1.029853343963623,183,100,824,6171.329717874527
4,12.829090909090908,10.0,1.0245896577835083,128,30,825,6174.710161209106
44,12.86682808716707,10.0,0.9131014943122864,968,430,826,6199.604518175125
12,12.86577992744861,10.0,0.9884763360023499,252,110,827,6206.191456079483
21,12.8756038647343,10.0,0.7981095314025879,480,200,828,6218.583417415619
1,12.861278648974668,10.0,0.6368633508682251,55,0,829,6220.129141330719
3,12.849397590361447,10.0,0.7487296462059021,83,20,830,6222.408335447311
1,12.835138387484958,10.0,0.7716494202613831,22,0,831,6223.141767978668
20,12.84375,10.0,0.8794374465942383,520,190,832,6236.606067895889
18,12.849939975990397,10.0,0.9102023839950562,305,170,833,6244.56319975853
26,12.865707434052759,10.0,0.8049993515014648,493,250,834,6257.310527801514
11,12.863473053892216,10.0,1.0520451068878174,198,100,835,6262.555815935135
10,12.860047846889952,10.0,0.7914279103279114,181,90,836,6267.360430955887
11,12.857825567502987,10.0,0.9723169207572937,220,100,837,6273.104746580124
23,12.869928400954654,10.0,0.8089880347251892,504,220,838,6286.144856214523
6,12.861740166865316,10.0,0.9711615443229675,152,50,839,6290.1707973480225
14,12.863095238095237,10.0,1.017133355140686,372,130,840,6299.793382167816
7,12.856123662306778,10.0,0.974640965461731,128,60,841,6303.196585655212
5,12.846793349168646,10.0,1.1242433786392212,131,40,842,6306.673865318298
29,12.865954922894424,10.0,0.7983465194702148,598,280,843,6322.096793413162
14,12.867298578199053,10.0,0.9271640777587891,294,130,844,6329.76086139679
21,12.876923076923077,10.0,1.0054099559783936,451,200,845,6341.400115013123
25,12.891252955082741,10.0,0.9121277928352356,501,240,846,6354.421678543091
16,12.894923258559622,10.0,0.8945773839950562,282,150,847,6361.771290302277
15,12.897405660377359,10.0,0.8989015221595764,317,140,848,6369.976058721542
3,12.885747938751472,10.0,0.7861553430557251,57,20,849,6371.56663942337
7,12.878823529411765,10.0,0.7805178165435791,82,60,850,6373.815154314041
23,12.890716803760283,10.0,0.9823760390281677,527,220,851,6387.415968179703
2,12.87793427230047,10.0,0.9720715880393982,34,10,852,6388.4436020851135
18,12.883939038686988,10.0,0.8759108781814575,376,170,853,6398.223015546799
25,12.898126463700235,10.0,0.792337954044342,457,240,854,6410.093009233475
6,12.890058479532163,10.0,0.7307295203208923,140,50,855,6413.785842657089
9,12.88551401869159,10.0,0.9434929490089417,163,80,856,6418.066857814789
6,12.877479579929988,10.0,0.8669179677963257,88,50,857,6420.418846607208
14,12.878787878787879,10.0,0.8137624263763428,304,130,858,6428.3030660152435
3,12.867287543655413,10.0,0.8635473847389221,64,20,859,6430.044525146484
17,12.872093023255815,10.0,0.9631933569908142,345,160,860,6439.108861684799
8,12.866434378629501,10.0,0.938485860824585,172,70,861,6443.617193222046
13,12.86658932714617,10.0,0.9403843879699707,286,120,862,6451.061818122864
7,12.859791425260719,10.0,0.8141953945159912,177,60,863,6455.7636778354645
15,12.862268518518519,10.0,0.7699000835418701,309,140,864,6463.831600189209
9,12.857803468208093,10.0,0.8412402272224426,245,80,865,6470.2603578567505
8,12.852193995381063,10.0,0.9738304615020752,167,70,866,6474.69375705719
8,12.846597462514417,10.0,1.0646146535873413,209,70,867,6480.183109760284
18,12.852534562211982,10.0,0.9322274327278137,376,170,868,6489.927494049072
4,12.84234752589183,10.0,1.0150060653686523,88,30,869,6492.282421350479
6,12.83448275862069,10.0,1.1532001495361328,110,50,870,6495.272915124893
5,12.82548794489093,10.0,1.1202868223190308,111,40,871,6498.262740850449
16,12.829128440366972,10.0,0.6436419486999512,373,150,872,6507.945045948029
6,12.8213058419244,10.0,0.9300721883773804,165,50,873,6512.294174909592
3,12.810068649885583,10.0,0.6905230283737183,52,20,874,6513.736364603043
38,12.838857142857142,10.0,0.80653977394104,685,370,875,6531.427436590195
12,12.837899543378995,10.0,0.7942295074462891,214,110,876,6537.023850917816
8,12.832383124287343,10.0,1.1537939310073853,183,70,877,6541.810853719711
24,12.845102505694761,10.0,0.8276534080505371,457,230,878,6553.607448101044
4,12.835039817974971,10.0,0.9303562641143799,100,30,879,6556.264755249023
9,12.830681818181818,10.0,1.0121691226959229,217,80,880,6561.972869634628
1,12.817253121452895,10.0,0.9463837742805481,21,0,881,6562.6220099925995
21,12.826530612244898,10.0,1.426228404045105,460,200,882,6574.579606056213
40,12.857304643261608,10.0,0.8983864784240723,736,390,883,6593.597995519638
8,12.85180995475113,10.0,0.9416777491569519,158,70,884,6597.81432056427
17,12.856497175141243,10.0,0.7248103618621826,361,160,885,6607.188452720642
19,12.863431151241535,10.0,0.8474856615066528,314,180,886,6615.381767272949
9,12.859075535512964,10.0,0.7958703637123108,228,80,887,6621.362964391708
34,12.882882882882884,10.0,0.9498578906059265,734,330,888,6640.262591123581
20,12.890888638920135,10.0,0.8992874622344971,396,190,889,6650.520094871521
21,12.9,10.0,0.9793437719345093,481,200,890,6662.957096338272
6,12.892255892255893,10.0,0.8922067284584045,98,50,891,6665.578566074371
27,12.908071748878923,10.0,0.9137690663337708,419,260,892,6676.3995571136475
6,12.9003359462486,10.0,0.9677825570106506,176,50,893,6680.998924255371
1,12.887024608501118,10.0,1.0486836433410645,58,0,894,6682.662989139557
16,12.89050279329609,10.0,1.0047454833984375,305,150,895,6690.633244752884
11,12.888392857142858,10.0,0.9756444692611694,196,100,896,6695.793203353882
29,12.906354515050166,10.0,0.929364800453186,579,280,897,6710.772514104843
13,12.906458797327394,10.0,1.0126469135284424,293,120,898,6718.430881500244
7,12.899888765294772,10.0,0.9266507029533386,139,60,899,6722.13782787323
26,12.914444444444445,10.0,0.8978710174560547,463,250,900,6734.1060526371
16,12.917869034406216,10.0,0.7796149253845215,333,150,901,6742.80113363266
15,12.920177383592018,10.0,0.9706741571426392,335,140,902,6751.534450292587
10,12.916943521594684,10.0,0.9493421912193298,155,90,903,6755.590505838394
2,12.904867256637168,10.0,0.8626599907875061,38,10,904,6756.716002464294
15,12.907182320441988,10.0,1.0366554260253906,236,140,905,6762.8954610824585
22,12.917218543046358,10.0,0.9315089583396912,427,210,906,6773.915631055832
19,12.923925027563396,10.0,1.1408171653747559,474,180,907,6786.148825645447
5,12.915198237885463,10.0,1.0924928188323975,64,40,908,6787.885985374451
25,12.928492849284929,10.0,0.9630662202835083,506,240,909,6800.932657003403
18,12.934065934065934,10.0,0.8525976538658142,348,170,910,6810.033496618271
4,12.924259055982438,10.0,1.0241767168045044,95,30,911,6812.570452928543
8,12.918859649122806,10.0,1.0211777687072754,195,70,912,6817.718161344528
10,12.91566265060241,10.0,1.1705322265625,200,90,913,6822.993961572647
19,12.922319474835886,10.0,0.9901109933853149,450,180,914,6834.68331861496
13,12.9224043715847,10.0,0.7889919281005859,215,120,915,6840.347582578659
13,12.922489082969433,10.0,0.8868979215621948,230,120,916,6846.382874488831
27,12.93784078516903,10.0,0.83514803647995,583,260,917,6861.482651233673
2,12.925925925925926,10.0,0.9131489396095276,27,10,918,6862.317023038864
24,12.9379760609358,10.0,0.7703781127929688,474,230,919,6874.571087360382
20,12.945652173913043,10.0,0.6701217293739319,375,190,920,6884.30998134613
22,12.955483170466884,10.0,0.9377385377883911,422,210,921,6895.205637693405
15,12.95770065075922,10.0,0.9481303095817566,274,140,922,6902.322267770767
29,12.975081256771398,10.0,0.8435724377632141,705,280,923,6920.458756685257
1,12.962121212121213,10.0,0.9982355237007141,26,0,924,6921.20140171051
11,12.96,10.0,0.8315730094909668,219,100,925,6926.959008932114
33,12.981641468682506,10.0,0.9518195986747742,866,320,926,6949.233150720596
20,12.989212513484357,10.0,0.8849250674247742,378,190,927,6959.016715764999
7,12.982758620689655,10.0,1.04085111618042,149,60,928,6962.972635746002
35,13.006458557588806,10.0,0.9548431634902954,669,340,929,6980.227946996689
32,13.026881720430108,10.0,1.20719575881958,709,310,930,6998.545538902283
51,13.06766917293233,10.0,1.1356089115142822,1077,500,931,7026.186608791351
23,13.07832618025751,10.0,0.9711793065071106,525,220,932,7039.75449180603
14,13.079314040728832,10.0,0.9775440096855164,264,130,933,7046.657534122467
11,13.077087794432549,10.0,0.9371070265769958,191,100,934,7051.741371154785
17,13.081283422459894,10.0,1.0053921937942505,444,160,935,7063.220507860184
6,13.073717948717949,10.0,0.8166180849075317,175,50,936,7067.855238199234
10,13.07043756670224,10.0,0.8594660758972168,225,90,937,7073.799884080887
24,13.082089552238806,10.0,1.043619990348816,572,230,938,7088.603721380234
8,13.07667731629393,10.0,1.0359911918640137,180,70,939,7093.386834621429
5,13.068085106382979,10.0,0.8662570118904114,112,40,940,7096.403041124344
22,13.077577045696067,10.0,1.120509147644043,522,210,941,7109.88485622406
37,13.102972399150744,10.0,0.997460126876831,787,360,942,7130.1627202034
4,13.093319194061506,10.0,1.107476830482483,136,30,943,7133.744708776474
18,13.098516949152541,10.0,1.180968165397644,447,170,944,7145.269109010696
16,13.101587301587301,10.0,1.0461924076080322,210,150,945,7150.760422229767
8,13.096194503171247,10.0,0.7474029064178467,224,70,946,7156.592650413513
34,13.118268215417107,10.0,0.9405248165130615,829,330,947,7177.945561647415
20,13.125527426160337,10.0,0.9320266246795654,342,190,948,7186.848210811615
14,13.126448893572181,10.0,0.9993556141853333,285,130,949,7194.275376319885
3,13.115789473684211,10.0,1.2375491857528687,66,20,950,7196.133278131485
18,13.120925341745531,10.0,0.7962628602981567,406,170,951,7206.642304897308
21,13.129201680672269,10.0,0.9240134954452515,373,200,952,7216.352994441986
36,13.153200419727177,10.0,0.7470194697380066,853,350,953,7238.322374582291
6,13.145702306079665,10.0,0.9774454832077026,169,50,954,7242.831881523132
29,13.162303664921465,10.0,0.8932929635047913,618,280,955,7258.749485015869
22,13.171548117154812,10.0,0.8081699013710022,434,210,956,7269.961075782776
23,13.181818181818182,10.0,0.967680811882019,514,220,957,7283.251561880112
37,13.206680584551147,10.0,1.1079093217849731,913,360,958,7306.7442083358765
20,13.213764337851929,10.0,0.8173763751983643,388,190,959,7316.842839956284
23,13.223958333333334,10.0,0.8508419394493103,469,220,960,7329.087007522583
10,13.220603537981269,10.0,0.8708718419075012,239,90,961,7335.34734416008
27,13.234927234927236,10.0,0.9431622624397278,554,260,962,7349.685745954514
18,13.2398753894081,10.0,1.068606972694397,386,170,963,7359.710441827774
27,13.254149377593361,10.0,1.0524053573608398,470,260,964,7371.843153476715
22,13.26321243523316,10.0,0.9534602761268616,424,210,965,7382.781233787537
9,13.25879917184265,10.0,1.1841164827346802,170,80,966,7387.242697238922
4,13.249224405377456,10.0,1.0585321187973022,112,30,967,7390.2187378406525
10,13.24586776859504,10.0,1.2108086347579956,167,90,968,7394.596558094025
20,13.252837977296181,10.0,1.0898908376693726,413,190,969,7405.271636724472
20,13.25979381443299,10.0,0.7494402527809143,409,190,970,7415.863990068436
3,13.249227600411947,10.0,0.735388994216919,65,20,971,7417.6775114536285
42,13.27880658436214,10.0,0.9037342071533203,833,410,972,7439.104665994644
15,13.280575539568344,10.0,0.9458191990852356,349,140,973,7448.1635863780975
38,13.305954825462011,10.0,0.8698911666870117,779,370,974,7468.200752735138
13,13.305641025641025,10.0,0.8826301097869873,232,120,975,7474.247802019119
15,13.307377049180328,10.0,0.9401590824127197,294,140,976,7481.914011955261
15,13.309109518935516,10.0,0.8605228066444397,244,140,977,7488.2753033638
10,13.305725971370142,10.0,0.9011328220367432,185,90,978,7493.127448797226
33,13.325842696629213,10.0,0.8940380215644836,719,320,979,7511.627487659454
7,13.31938775510204,10.0,1.1377829313278198,190,60,980,7516.578246593475
44,13.3506625891947,10.0,0.8849425315856934,890,430,981,7539.480536699295
2,13.339103869653767,10.0,1.0118012428283691,62,10,982,7541.1939017772675
38,13.364191251271617,10.0,0.9399323463439941,743,370,983,7560.41979432106
26,13.377032520325203,10.0,0.9265080690383911,463,250,984,7572.399264335632
20,13.383756345177664,10.0,0.9220676422119141,335,190,985,7581.116312265396
8,13.378296146044624,10.0,0.8169649839401245,158,70,986,7585.294350385666
14,13.378926038500506,10.0,0.8070476055145264,223,130,987,7591.112988233566
1,13.366396761133604,10.0,0.8034908771514893,14,0,988,7591.569887161255
26,13.37917087967644,10.0,0.9132790565490723,484,250,989,7604.073504209518
6,13.371717171717172,10.0,0.9199029207229614,129,50,990,7607.503807067871
13,13.371342078708375,10.0,0.8861896991729736,253,120,991,7614.072102308273
19,13.377016129032258,10.0,0.8220047950744629,363,180,992,7623.437383413315
12,13.375629405840886,10.0,0.8180473446846008,234,110,993,7629.556658506393
15,13.377263581488934,10.0,1.0647414922714233,302,140,994,7637.399772167206
17,13.380904522613065,10.0,1.0352786779403687,331,160,995,7645.901091337204
6,13.373493975903614,10.0,0.8844082951545715,152,50,996,7650.000761270523
21,13.381143430290873,10.0,0.8674772381782532,536,200,997,7663.887074708939
11,13.37875751503006,10.0,0.7926443815231323,184,100,998,7668.744220256805
20,13.385385385385385,10.0,0.807955801486969,465,190,999,7680.817101478577
28,13.4,10.0,0.9539863467216492,617,270,1000,7696.8099484443665
